{
  "project_info": {
    "project_number": "408392337524",
    "project_id": "realtimedatabase-23348",
    "storage_bucket": "realtimedatabase-23348.appspot.com"
  },
  "client": [
    {
      "client_info": {
        "mobilesdk_app_id": "1:408392337524:android:8519318f808d2b31816921",
        "android_client_info": {
          "package_name": "com.example.realtimedatabase"
        }
      },
      "oauth_client": [
        {
          "client_id": "408392337524-sh1eclvdtlcd2fiiq0klf8oatnuoqj0c.apps.googleusercontent.com",
          "client_type": 3
        }
      ],
      "api_key": [
        {
          "current_key": "AIzaSyC0n4BtmU7VFTO6Jd0AA5O4WyDFsds5zCc"
        }
      ],
      "services": {
        "appinvite_service": {
          "other_platform_oauth_client": [
            {
              "client_id": "408392337524-sh1eclvdtlcd2fiiq0klf8oatnuoqj0c.apps.googleusercontent.com",
              "client_type": 3
            }
          ]
        }
      }
    }
  ],
  "configuration_version": "1"
}